feature,importance_mean,importance_std
tenure,0.1407732111996211,0.006261010036170935
InternetService,0.04671513722407809,0.009956467312921873
Contract,0.041261947589320315,0.004885492429931735
MonthlyCharges,0.032123584805840634,0.0028047308697360675
TotalCharges,0.011537201908591154,0.0025557671418256905
StreamingTV,0.00942354298612893,0.003006378051949367
StreamingMovies,0.00831305329242058,0.0029490331854328867
MultipleLines,0.003843382660439021,0.0018561009920015311
HasMultipleServices,0.0036499035123519928,0.0010693388434252617
OnlineSecurity,0.003388908203213603,0.0021579993643978095
TechSupport,0.0033692579772360174,0.0016303738159282849
PaymentMethod,0.002652276655027719,0.0018280970770416273
PaperlessBilling,0.0025721641952728413,0.001902827417895435
DeviceProtection,0.0023303152601639398,0.0006658418269020168
OnlineBackup,0.0021050934393438414,0.0011621250977543454
SeniorCitizen,0.0009961153014798052,0.0003712079432269354
Partner,0.00010631276105825816,0.00020456885494465584
PhoneService,-8.061631170299676e-05,8.136857974487235e-05
gender,-0.0002468874545903388,0.00015859735534367016
Dependents,-0.0012077331197000829,0.0012706608705375273
